{"wireframe":{"Lo-办公楼建筑墙_01":{"pos":[-103.168037,-77.2286453,0.0,-103.168037,77.2286453,0.0,-103.168037,77.2286453,0.0,103.168037,77.2286453,0.0,103.168037,77.2286453,0.0,103.168037,-77.2286453,0.0,103.168037,-77.2286453,0.0,-103.168037,-77.2286453,0.0,-103.16803,-77.22864,187.163,103.16803,-77.22864,187.163,103.16803,-77.22864,187.163,103.16803,77.22864,187.163,103.16803,77.22864,187.163,-103.16803,77.22864,187.163,-103.16803,77.22864,187.163,-103.16803,-77.22864,187.163,103.168037,-77.2286453,0.0,103.16803,-77.22864,187.163,-103.16803,-77.22864,187.163,-103.168037,-77.2286453,0.0,103.168037,77.2286453,0.0,103.16803,77.22864,187.163,-103.168037,77.2286453,0.0,-103.16803,77.22864,187.163]},"Cl-办公楼1F天花板_01":{"pos":[-112.409607,-81.63286,0.0,-112.409607,81.63286,0.0,112.409607,-81.63286,0.0,-112.409607,-81.63286,0.0,112.409607,81.63286,0.0,112.409607,-81.63286,0.0,-112.409607,81.63286,0.0,112.409607,81.63286,0.0]},"Wl-办公楼1F墙_01":{"pos":[-115.730194,84.95344,0.0,-115.730194,-84.95344,0.0,115.730194,84.95344,0.0,-115.730194,84.95344,0.0,115.730194,-84.95344,0.0,115.730194,84.95344,0.0,-115.730194,-84.95344,0.0,115.730194,-84.95344,0.0,-112.409607,-81.63286,0.0,-112.409607,81.63286,0.0,112.409607,-81.63286,0.0,-112.409607,-81.63286,0.0,112.409607,81.63286,0.0,112.409607,-81.63286,0.0,-112.409607,81.63286,0.0,112.409607,81.63286,0.0,-115.730194,84.95344,29.6062012,-112.409607,81.63286,29.6062012,-115.730194,-84.95344,29.6062012,-112.409607,-81.63286,29.6062012,115.730194,-84.95344,29.6062012,112.409607,-81.63286,29.6062012,115.730194,84.95344,29.6062012,112.409607,81.63286,29.6062012,-115.730194,84.95344,29.6062012,-115.730194,-84.95344,29.6062012,-115.730194,-84.95344,29.6062012,115.730194,-84.95344,29.6062012,115.730194,-84.95344,29.6062012,115.730194,84.95344,29.6062012,115.730194,84.95344,29.6062012,-115.730194,84.95344,29.6062012,-112.409607,-81.63286,29.6062012,-112.409607,81.63286,29.6062012,-112.409607,81.63286,29.6062012,112.409607,81.63286,29.6062012,112.409607,81.63286,29.6062012,112.409607,-81.63286,29.6062012,112.409607,-81.63286,29.6062012,-112.409607,-81.63286,29.6062012,-115.730194,84.95344,0.0,-115.730194,84.95344,29.6062012,-115.730194,-84.95344,0.0,-115.730194,-84.95344,29.6062012,115.730194,-84.95344,0.0,115.730194,-84.95344,29.6062012,115.730194,84.95344,0.0,115.730194,84.95344,29.6062012,-112.409607,-81.63286,0.0,-112.409607,-81.63286,29.6062012,-112.409607,81.63286,0.0,-112.409607,81.63286,29.6062012,112.409607,81.63286,0.0,112.409607,81.63286,29.6062012,112.409607,-81.63286,0.0,112.409607,-81.63286,29.6062012]},"Fl-办公楼1F地板_01":{"pos":[-112.409607,81.63286,0.0,-112.409607,-81.63286,0.0,-112.409607,-81.63286,0.0,112.409607,-81.63286,0.0,112.409607,-81.63286,0.0,112.409607,81.63286,0.0,112.409607,81.63286,0.0,-112.409607,81.63286,0.0]},"Wl-办公楼2F墙_01":{"pos":[-115.730194,84.95344,0.0,-115.730194,-84.95344,0.0,115.730194,84.95344,0.0,-115.730194,84.95344,0.0,115.730194,-84.95344,0.0,115.730194,84.95344,0.0,-115.730194,-84.95344,0.0,115.730194,-84.95344,0.0,-112.409607,-81.63286,0.0,-112.409607,81.63286,0.0,112.409607,-81.63286,0.0,-112.409607,-81.63286,0.0,112.409607,81.63286,0.0,112.409607,-81.63286,0.0,-112.409607,81.63286,0.0,112.409607,81.63286,0.0,-115.730194,84.95344,29.6062012,-112.409607,81.63286,29.6062012,-115.730194,-84.95344,29.6062012,-112.409607,-81.63286,29.6062012,115.730194,-84.95344,29.6062012,112.409607,-81.63286,29.6062012,115.730194,84.95344,29.6062012,112.409607,81.63286,29.6062012,-115.730194,84.95344,29.6062012,-115.730194,-84.95344,29.6062012,-115.730194,-84.95344,29.6062012,115.730194,-84.95344,29.6062012,115.730194,-84.95344,29.6062012,115.730194,84.95344,29.6062012,115.730194,84.95344,29.6062012,-115.730194,84.95344,29.6062012,-112.409607,-81.63286,29.6062012,-112.409607,81.63286,29.6062012,-112.409607,81.63286,29.6062012,112.409607,81.63286,29.6062012,112.409607,81.63286,29.6062012,112.409607,-81.63286,29.6062012,112.409607,-81.63286,29.6062012,-112.409607,-81.63286,29.6062012,-115.730194,84.95344,0.0,-115.730194,84.95344,29.6062012,-115.730194,-84.95344,0.0,-115.730194,-84.95344,29.6062012,115.730194,-84.95344,0.0,115.730194,-84.95344,29.6062012,115.730194,84.95344,0.0,115.730194,84.95344,29.6062012,-112.409607,-81.63286,0.0,-112.409607,-81.63286,29.6062012,-112.409607,81.63286,0.0,-112.409607,81.63286,29.6062012,112.409607,81.63286,0.0,112.409607,81.63286,29.6062012,112.409607,-81.63286,0.0,112.409607,-81.63286,29.6062012]},"Fl-办公楼2F地板_01":{"pos":[-112.409607,81.63286,0.0,-112.409607,-81.63286,0.0,-112.409607,-81.63286,0.0,112.409607,-81.63286,0.0,112.409607,-81.63286,0.0,112.409607,81.63286,0.0,112.409607,81.63286,0.0,-112.409607,81.63286,0.0]},"Cl-办公楼2F天花板_01":{"pos":[-112.409607,-81.63286,0.0,-112.409607,81.63286,0.0,112.409607,-81.63286,0.0,-112.409607,-81.63286,0.0,112.409607,81.63286,0.0,112.409607,-81.63286,0.0,-112.409607,81.63286,0.0,112.409607,81.63286,0.0]},"Wl-办公楼3F墙_01":{"pos":[-115.730194,84.95344,0.0,-115.730194,-84.95344,0.0,115.730194,84.95344,0.0,-115.730194,84.95344,0.0,115.730194,-84.95344,0.0,115.730194,84.95344,0.0,-115.730194,-84.95344,0.0,115.730194,-84.95344,0.0,-112.409607,-81.63286,0.0,-112.409607,81.63286,0.0,112.409607,-81.63286,0.0,-112.409607,-81.63286,0.0,112.409607,81.63286,0.0,112.409607,-81.63286,0.0,-112.409607,81.63286,0.0,112.409607,81.63286,0.0,-115.730194,84.95344,29.6062012,-112.409607,81.63286,29.6062012,-115.730194,-84.95344,29.6062012,-112.409607,-81.63286,29.6062012,115.730194,-84.95344,29.6062012,112.409607,-81.63286,29.6062012,115.730194,84.95344,29.6062012,112.409607,81.63286,29.6062012,-115.730194,84.95344,29.6062012,-115.730194,-84.95344,29.6062012,-115.730194,-84.95344,29.6062012,115.730194,-84.95344,29.6062012,115.730194,-84.95344,29.6062012,115.730194,84.95344,29.6062012,115.730194,84.95344,29.6062012,-115.730194,84.95344,29.6062012,-112.409607,-81.63286,29.6062012,-112.409607,81.63286,29.6062012,-112.409607,81.63286,29.6062012,112.409607,81.63286,29.6062012,112.409607,81.63286,29.6062012,112.409607,-81.63286,29.6062012,112.409607,-81.63286,29.6062012,-112.409607,-81.63286,29.6062012,-115.730194,84.95344,0.0,-115.730194,84.95344,29.6062012,-115.730194,-84.95344,0.0,-115.730194,-84.95344,29.6062012,115.730194,-84.95344,0.0,115.730194,-84.95344,29.6062012,115.730194,84.95344,0.0,115.730194,84.95344,29.6062012,-112.409607,-81.63286,0.0,-112.409607,-81.63286,29.6062012,-112.409607,81.63286,0.0,-112.409607,81.63286,29.6062012,112.409607,81.63286,0.0,112.409607,81.63286,29.6062012,112.409607,-81.63286,0.0,112.409607,-81.63286,29.6062012]},"Fl-办公楼3F地板_01":{"pos":[-112.409607,81.63286,0.0,-112.409607,-81.63286,0.0,-112.409607,-81.63286,0.0,112.409607,-81.63286,0.0,112.409607,-81.63286,0.0,112.409607,81.63286,0.0,112.409607,81.63286,0.0,-112.409607,81.63286,0.0]},"Cl-办公楼3F天花板_01":{"pos":[-112.409607,-81.63286,0.0,-112.409607,81.63286,0.0,112.409607,-81.63286,0.0,-112.409607,-81.63286,0.0,112.409607,81.63286,0.0,112.409607,-81.63286,0.0,-112.409607,81.63286,0.0,112.409607,81.63286,0.0]},"Lo-园区_01":{"pos":[-216.976578,-72.01288,0.0,-216.976578,-144.025757,0.0,-216.976578,-144.025757,0.0,-108.488289,-144.025757,0.0,-108.488289,-144.025757,0.0,0.0,-144.025757,0.0,0.0,-144.025757,0.0,108.488289,-144.025757,0.0,216.976578,-144.025757,0.0,216.976578,-72.01288,0.0,108.488289,-144.025757,0.0,216.976578,-144.025757,0.0,-216.976578,0.0,0.0,-216.976578,-72.01288,0.0,216.976578,-72.01288,0.0,216.976578,0.0,0.0,-216.976578,72.01288,0.0,-216.976578,0.0,0.0,216.976578,0.0,0.0,216.976578,72.01288,0.0,-216.976578,144.025757,0.0,-216.976578,72.01288,0.0,-108.488289,144.025757,0.0,-216.976578,144.025757,0.0,0.0,144.025757,0.0,-108.488289,144.025757,0.0,108.488289,144.025757,0.0,0.0,144.025757,0.0,216.976578,144.025757,0.0,108.488289,144.025757,0.0,216.976578,72.01288,0.0,216.976578,144.025757,0.0]}}}
